[
  {
    "id": "2bfdc110-8ce1-4653-802c-803e735caa9c",
    "data": [
      {
        "text": "welcome",
        "userDefined": false
      }
    ],
    "isTemplate": false,
    "count": 0,
    "updated": 0
  },
  {
    "id": "95259f8a-a18b-4bf8-a076-909b62bebb28",
    "data": [
      {
        "text": "hi",
        "userDefined": false
      }
    ],
    "isTemplate": false,
    "count": 0,
    "updated": 0
  },
  {
    "id": "231b85b7-249b-4a8e-b4fe-052bc33e81de",
    "data": [
      {
        "text": "hello",
        "userDefined": false
      }
    ],
    "isTemplate": false,
    "count": 0,
    "updated": 0
  }
]