[
  {
    "id": "dcca4026-b189-480d-bc25-63c65ef6be49",
    "data": [
      {
        "text": "you\u0027re the best",
        "userDefined": false
      }
    ],
    "isTemplate": false,
    "count": 0,
    "updated": 0
  },
  {
    "id": "286aaebe-ef0c-42e9-b529-03766d85130e",
    "data": [
      {
        "text": "thanks for the help",
        "userDefined": false
      }
    ],
    "isTemplate": false,
    "count": 0,
    "updated": 0
  },
  {
    "id": "e4b69836-b97c-47a4-8473-c2c50e9cae5b",
    "data": [
      {
        "text": "thanks",
        "userDefined": false
      }
    ],
    "isTemplate": false,
    "count": 0,
    "updated": 0
  },
  {
    "id": "86aaa6a4-a3f2-4b09-91cb-1e38f676cd3b",
    "data": [
      {
        "text": "thank you",
        "userDefined": false
      }
    ],
    "isTemplate": false,
    "count": 1,
    "updated": 0
  },
  {
    "id": "c82c3976-6865-4b3b-85d5-0cb7d0f0f6fd",
    "data": [
      {
        "text": "bye",
        "userDefined": false
      }
    ],
    "isTemplate": false,
    "count": 0,
    "updated": 0
  },
  {
    "id": "5c941586-ccff-48b1-867a-b5fc806e6dc1",
    "data": [
      {
        "text": "goodbye",
        "userDefined": false
      }
    ],
    "isTemplate": false,
    "count": 0,
    "updated": 0
  },
  {
    "id": "0c1c6a5f-faec-44c2-a2e0-06c47b221715",
    "data": [
      {
        "text": "Good bye",
        "userDefined": false
      }
    ],
    "isTemplate": false,
    "count": 0,
    "updated": 0
  }
]