[
  {
    "id": "614ada33-0acc-4d84-9d6b-ef6626dd324e",
    "data": [
      {
        "text": "When do you open?",
        "userDefined": false
      }
    ],
    "isTemplate": false,
    "count": 0,
    "updated": 0
  },
  {
    "id": "c6cb0c0f-0964-47d8-95ed-13e4a751ed7f",
    "data": [
      {
        "text": "How late can I come in?",
        "userDefined": false
      }
    ],
    "isTemplate": false,
    "count": 0,
    "updated": 0
  },
  {
    "id": "bfa28d6d-dffa-42f6-baaa-837cdcf5e843",
    "data": [
      {
        "text": "What are your hours?",
        "userDefined": false
      }
    ],
    "isTemplate": false,
    "count": 0,
    "updated": 0
  }
]