[
  {
    "id": "513520c6-cd11-4ec0-95e9-fc533add7b74",
    "data": [
      {
        "text": "Where do I go?",
        "userDefined": false
      }
    ],
    "isTemplate": false,
    "count": 0,
    "updated": 0
  },
  {
    "id": "54e45721-5009-428e-b086-289ed46f4b35",
    "data": [
      {
        "text": "What\u0027s the nearest store?",
        "userDefined": false
      }
    ],
    "isTemplate": false,
    "count": 0,
    "updated": 0
  },
  {
    "id": "1fccbdcd-6f55-4777-9201-3fcd089a3508",
    "data": [
      {
        "text": "What\u0027s the closest shop?",
        "userDefined": false
      }
    ],
    "isTemplate": false,
    "count": 0,
    "updated": 0
  },
  {
    "id": "5acc2eb0-8de7-45e4-a24e-05ac706892ce",
    "data": [
      {
        "text": "Location?",
        "userDefined": false
      }
    ],
    "isTemplate": false,
    "count": 0,
    "updated": 0
  },
  {
    "id": "55141206-36e5-4778-a06b-2e11e1c85216",
    "data": [
      {
        "text": "How do I find you?",
        "userDefined": false
      }
    ],
    "isTemplate": false,
    "count": 0,
    "updated": 0
  },
  {
    "id": "236a72df-5d9e-4cd5-bf86-7bae52b8dd69",
    "data": [
      {
        "text": "Where are you located?",
        "userDefined": false
      }
    ],
    "isTemplate": false,
    "count": 0,
    "updated": 0
  }
]