[
  {
    "id": "9e06755e-ab8a-4299-96bc-2cac313d2dce",
    "data": [
      {
        "text": "I need a ",
        "userDefined": false
      },
      {
        "text": "repair",
        "alias": "AppointmentType",
        "meta": "@AppointmentType",
        "userDefined": false
      },
      {
        "text": ".",
        "userDefined": false
      }
    ],
    "isTemplate": false,
    "count": 0,
    "updated": 0
  },
  {
    "id": "d9484de8-fed8-4c8b-9a24-7a5674efae84",
    "data": [
      {
        "text": "Can you ",
        "userDefined": false
      },
      {
        "text": "service",
        "alias": "AppointmentType",
        "meta": "@AppointmentType",
        "userDefined": false
      },
      {
        "text": " my bike?",
        "userDefined": false
      }
    ],
    "isTemplate": false,
    "count": 0,
    "updated": 0
  }
]