[
  {
    "id": "b475656f-8f22-46e7-b300-33e1d6851932",
    "data": [
      {
        "text": "Can you fix my road bike?",
        "userDefined": false
      }
    ],
    "isTemplate": false,
    "count": 0,
    "updated": 0
  },
  {
    "id": "c6d69890-7b6c-4880-9641-1aa7b67e0b66",
    "data": [
      {
        "text": "Can I set up an appointment for ",
        "userDefined": false
      },
      {
        "text": "noon",
        "alias": "time",
        "meta": "@sys.time",
        "userDefined": false
      },
      {
        "text": " ",
        "userDefined": false
      },
      {
        "text": "on Friday",
        "alias": "date",
        "meta": "@sys.date",
        "userDefined": false
      },
      {
        "text": "?",
        "userDefined": false
      }
    ],
    "isTemplate": false,
    "count": 0,
    "updated": 0
  },
  {
    "id": "51292afe-cd00-42d0-bc67-ac6d4abd3a3f",
    "data": [
      {
        "text": "Can I schedule service for ",
        "userDefined": false
      },
      {
        "text": "4pm",
        "alias": "time",
        "meta": "@sys.time",
        "userDefined": false
      },
      {
        "text": " ",
        "userDefined": false
      },
      {
        "text": "tomorrow",
        "alias": "date",
        "meta": "@sys.date",
        "userDefined": false
      },
      {
        "text": "?",
        "userDefined": false
      }
    ],
    "isTemplate": false,
    "count": 0,
    "updated": 0
  },
  {
    "id": "a34696a8-cf68-4a27-84d0-b04019640a88",
    "data": [
      {
        "text": "I\u0027d like to get my bike fixed, I have a mountain bike that needs servicing",
        "userDefined": false
      }
    ],
    "isTemplate": false,
    "count": 0,
    "updated": 0
  },
  {
    "id": "24252cff-659a-4327-8536-f3ecc94e28dc",
    "data": [
      {
        "text": "I\u0027d like to schedule an appointment for ",
        "userDefined": false
      },
      {
        "text": "next Thursday",
        "alias": "date",
        "meta": "@sys.date",
        "userDefined": false
      }
    ],
    "isTemplate": false,
    "count": 0,
    "updated": 0
  },
  {
    "id": "e035ccd8-63e4-46f8-8fc3-0abb724f8db1",
    "data": [
      {
        "text": "My bike is broken",
        "userDefined": false
      }
    ],
    "isTemplate": false,
    "count": 0,
    "updated": 0
  }
]